{
  "_generated": "Generated by SweetTooth, do not edit", 
  "description": "Quickly launch Network Connections from the Network Menu. Having to find and launch Network Connections to edit or remove WiFi connections can be pesky, but this should help ease that frustration. This requires nm-connection-editor be installed first if it is not already, to find out if it is installed just run nm-connection-editor from a terminal", 
  "name": "Network Connections Shortcut", 
  "original-author": "l300lvl", 
  "shell-version": [
    "3.2", 
    "3.2.0", 
    "3.2.1", 
    "3.4",
    "3.5.4",
    "3.6"
  ], 
  "url": "https://github.com/l300lvl/Network-Connections-Shortcut-Extension", 
  "uuid": "network-connections-shortcut@l300lvl.co.nr", 
  "version": 4
}
